review,sentiment
Neither impressed nor disappointed.,neutral
"Terrible customer service, nobody replied to my emails.",negative
Absolutely love this product! It exceeded all my expectations.,positive
"Fair product, could be better.",neutral
It’s decent for short-term use.,neutral
Top-notch experience from ordering to delivery.,positive
Delicious taste and fresh ingredients. Loved it!,positive
The app has too many bugs and glitches.,negative
Excellent build quality and durable materials. Five stars!,positive
Performance is sluggish and frustrating.,negative
"Quality is far below expectations, very disappointed.",negative
"The item feels okay, not premium though.",neutral
"Moderate performance, acceptable for basic tasks.",neutral
"Does the job, but lacks advanced features.",neutral
The product smells weird and feels cheap.,negative
"Overpriced junk, I regret my purchase.",negative
"Very poor packaging, item arrived broken.",negative
This update made the software faster and more efficient.,positive
It’s usable but lacks polish.,neutral
The instructions are confusing and incomplete.,negative
"It’s okay, works as expected but nothing special.",neutral
Late delivery and rude delivery person.,negative
Support team ignored my issue for weeks.,negative
"Very reliable, works perfectly even after months of use.",positive
Connectivity issues make it unusable.,negative
Received the wrong color and size. Useless.,negative
Extremely comfortable to wear all day long.,positive
"Average experience, not too good or bad.",neutral
Superb performance and smooth operation. Highly satisfied.,positive
Setup was simple and instructions were clear.,positive
"Shipping time was normal, no major complaints.",neutral
Horrible experience. The product stopped working in a week.,negative
"Battery life is outstanding, lasts for days!",positive
"Perfect fit for my needs, exactly what I wanted.",positive
Refund process is complicated and slow.,negative
Impressed with the speed and reliability.,positive
"Customer support was average, not bad though.",neutral
Worth every penny. I’ll definitely recommend this to my friends.,positive
Doesn’t work as advertised. Total scam.,negative
The color and design are just perfect. Couldn’t be happier!,positive
The interface is intuitive and user-friendly. Great experience!,positive
"It’s functional, but not worth the hype.",neutral
I wish I could give it zero stars.,negative
Everything about it screams premium quality.,positive
"The design is simple, nothing extraordinary.",neutral
"Affordable and high quality, can’t ask for more.",positive
"Color slightly differs from the picture, but still fine.",neutral
The app interface looks modern and clean.,positive
"Fantastic quality, quick delivery, and amazing customer support.",positive
Customer support was responsive and resolved my issue fast.,positive
Didn’t last even a month before breaking down.,negative
"The packaging was fine, but delivery took longer than expected.",neutral
The app keeps crashing and freezing all the time.,negative
Satisfactory performance for the price.,neutral
It performs adequately but could use improvements.,neutral
Experience was neutral overall.,neutral
"The product does what it says, no surprises.",neutral
Sound quality is awful and distorted.,negative
The product is decent for its price point.,neutral
Completely waste of money. Do not buy this!,negative
